United States,US
United Kingdom,UK
Canada,CA
Australia,AU
Germany,DE
France,FR
Spain,ES
Italy,IT
Netherlands,NL
Sweden,SE
Norway,NO
Denmark,DK
Finland,FI
Poland,PL
Russia,RU
China,CN
Japan,JP
South Korea,KR
India,IN
Pakistan,PK
Bangladesh,BD
Indonesia,ID
Philippines,PH
Vietnam,VN
Thailand,TH
Brazil,BR
Mexico,MX
Argentina,AR
South Africa,ZA
Egypt,EG
Nigeria,NG
Kenya,KE
Turkey,TR
Saudi Arabia,SA
United Arab Emirates,AE
Iran,IR
Iraq,IQ
Israel,IL
Switzerland,CH
Austria,AT
Belgium,BE
Greece,GR
Czech Republic,CZ
Hungary,HU
Romania,RO
Ukraine,UA
Ireland,IE
New Zealand,NZ
Malaysia,MY
Singapore,SG